<?xml version="1.0" encoding="UTF-8"?>
<GenRun Id="synth_1" LaunchPart="xc7z020clg400-1" LaunchTime="1694756982">
  <File Type="PA-TCL" Name="jahwa_daq_system_wrapper.tcl"/>
  <File Type="RDS-PROPCONSTRS" Name="jahwa_daq_system_wrapper_drc_synth.rpt"/>
  <File Type="REPORTS-TCL" Name="jahwa_daq_system_wrapper_reports.tcl"/>
  <File Type="RDS-RDS" Name="jahwa_daq_system_wrapper.vds"/>
  <File Type="RDS-UTIL" Name="jahwa_daq_system_wrapper_utilization_synth.rpt"/>
  <File Type="RDS-UTIL-PB" Name="jahwa_daq_system_wrapper_utilization_synth.pb"/>
  <File Type="RDS-DCP" Name="jahwa_daq_system_wrapper.dcp"/>
  <File Type="VDS-TIMINGSUMMARY" Name="jahwa_daq_system_wrapper_timing_summary_synth.rpt"/>
  <File Type="VDS-TIMING-PB" Name="jahwa_daq_system_wrapper_timing_summary_synth.pb"/>
  <FileSet Name="sources" Type="DesignSrcs" RelSrcDir="$PSRCDIR/sources_1" RelGenDir="$PGENDIR/sources_1">
    <Filter Type="Srcs"/>
    <File Path="$PSRCDIR/sources_1/bd/jahwa_daq_system/jahwa_daq_system.bd">
      <FileInfo>
        <Attr Name="UsedIn" Val="synthesis"/>
        <Attr Name="UsedIn" Val="implementation"/>
        <Attr Name="UsedIn" Val="simulation"/>
      </FileInfo>
    </File>
    <File Path="$PGENDIR/sources_1/bd/jahwa_daq_system/hdl/jahwa_daq_system_wrapper.v">
      <FileInfo>
        <Attr Name="UsedIn" Val="synthesis"/>
        <Attr Name="UsedIn" Val="implementation"/>
        <Attr Name="UsedIn" Val="simulation"/>
      </FileInfo>
    </File>
    <Config>
      <Option Name="DesignMode" Val="RTL"/>
      <Option Name="TopModule" Val="jahwa_daq_system_wrapper"/>
      <Option Name="TopAutoSet" Val="TRUE"/>
    </Config>
  </FileSet>
  <FileSet Name="constrs_in" Type="Constrs" RelSrcDir="$PSRCDIR/constrs_1">
    <Filter Type="Constrs"/>
    <File Path="$PPRDIR/../../constraint_file/pynq_z1.xdc">
      <FileInfo>
        <Attr Name="UsedIn" Val="synthesis"/>
        <Attr Name="UsedIn" Val="implementation"/>
      </FileInfo>
    </File>
    <Config>
      <Option Name="TargetConstrsFile" Val="$PPRDIR/../../constraint_file/pynq_z1.xdc"/>
      <Option Name="ConstrsType" Val="XDC"/>
    </Config>
  </FileSet>
  <FileSet Name="utils" Type="Utils" RelSrcDir="$PSRCDIR/utils_1">
    <Filter Type="Utils"/>
    <Config>
      <Option Name="TopAutoSet" Val="TRUE"/>
    </Config>
  </FileSet>
  <Strategy Version="1" Minor="2">
    <StratHandle Name="Vivado Synthesis Defaults" Flow="Vivado Synthesis 2020"/>
    <Step Id="synth_design"/>
  </Strategy>
  <BlockFileSet Type="BlockSrcs" Name="jahwa_daq_system_processing_system7_0_0"/>
  <BlockFileSet Type="BlockSrcs" Name="jahwa_daq_system_mdm_0_0"/>
  <BlockFileSet Type="BlockSrcs" Name="jahwa_daq_system_xbar_0"/>
  <BlockFileSet Type="BlockSrcs" Name="jahwa_daq_system_axi_timer_1_0"/>
  <BlockFileSet Type="BlockSrcs" Name="jahwa_daq_system_axi_bram_ctrl_0_0"/>
  <BlockFileSet Type="BlockSrcs" Name="jahwa_daq_system_ilmb_0_0"/>
  <BlockFileSet Type="BlockSrcs" Name="jahwa_daq_system_axi_timer_2_0"/>
  <BlockFileSet Type="BlockSrcs" Name="jahwa_daq_system_axi_gpio_0_1"/>
  <BlockFileSet Type="BlockSrcs" Name="jahwa_daq_system_axi_gpio_1_0"/>
  <BlockFileSet Type="BlockSrcs" Name="jahwa_daq_system_axi_gpio_5_0"/>
  <BlockFileSet Type="BlockSrcs" Name="jahwa_daq_system_axi_quad_spi_0_0"/>
  <BlockFileSet Type="BlockSrcs" Name="jahwa_daq_system_axi_timer_0_0"/>
  <BlockFileSet Type="BlockSrcs" Name="jahwa_daq_system_axi_intc_0_0"/>
  <BlockFileSet Type="BlockSrcs" Name="jahwa_daq_system_axi_iic_0_0"/>
  <BlockFileSet Type="BlockSrcs" Name="jahwa_daq_system_axi_gpio_0_0"/>
  <BlockFileSet Type="BlockSrcs" Name="jahwa_daq_system_axi_gpio_3_0"/>
  <BlockFileSet Type="BlockSrcs" Name="jahwa_daq_system_axi_intc_0_1"/>
  <BlockFileSet Type="BlockSrcs" Name="jahwa_daq_system_axi_gpio_4_0"/>
  <BlockFileSet Type="BlockSrcs" Name="jahwa_daq_system_xbar_1"/>
  <BlockFileSet Type="BlockSrcs" Name="jahwa_daq_system_dff_en_reset_vector_0_0"/>
  <BlockFileSet Type="BlockSrcs" Name="jahwa_daq_system_microblaze_0_0"/>
  <BlockFileSet Type="BlockSrcs" Name="jahwa_daq_system_axi_gpio_2_0"/>
  <BlockFileSet Type="BlockSrcs" Name="jahwa_daq_system_rst_ps7_0_100M_0"/>
  <BlockFileSet Type="BlockSrcs" Name="jahwa_daq_system_dlmb_0_0"/>
  <BlockFileSet Type="BlockSrcs" Name="jahwa_daq_system_ilmb_bram_ctrl_0_0"/>
  <BlockFileSet Type="BlockSrcs" Name="jahwa_daq_system_lmb_bram_0_0"/>
  <BlockFileSet Type="BlockSrcs" Name="jahwa_daq_system_axi_clock_divider_0_0"/>
</GenRun>
