<?xml version="1.0" encoding="UTF-8"?>
<GenRun Id="jahwa_daq_system_ilmb_bram_ctrl_0_0_synth_1" LaunchPart="xc7z020clg400-1" LaunchTime="1694399879">
  <File Type="PA-TCL" Name="jahwa_daq_system_ilmb_bram_ctrl_0_0.tcl"/>
  <File Type="REPORTS-TCL" Name="jahwa_daq_system_ilmb_bram_ctrl_0_0_reports.tcl"/>
  <File Type="RDS-RDS" Name="jahwa_daq_system_ilmb_bram_ctrl_0_0.vds"/>
  <File Type="RDS-UTIL" Name="jahwa_daq_system_ilmb_bram_ctrl_0_0_utilization_synth.rpt"/>
  <File Type="RDS-UTIL-PB" Name="jahwa_daq_system_ilmb_bram_ctrl_0_0_utilization_synth.pb"/>
  <File Type="RDS-DCP" Name="jahwa_daq_system_ilmb_bram_ctrl_0_0.dcp"/>
  <FileSet Name="sources" Type="BlockSrcs" RelSrcDir="$PSRCDIR/jahwa_daq_system_ilmb_bram_ctrl_0_0">
    <File Path="$PSRCDIR/sources_1/bd/jahwa_daq_system/ip/jahwa_daq_system_ilmb_bram_ctrl_0_0_1/jahwa_daq_system_ilmb_bram_ctrl_0_0.xci">
      <FileInfo>
        <Attr Name="UsedIn" Val="synthesis"/>
        <Attr Name="UsedIn" Val="implementation"/>
        <Attr Name="UsedIn" Val="simulation"/>
      </FileInfo>
    </File>
    <Config>
      <Option Name="TopModule" Val="jahwa_daq_system_ilmb_bram_ctrl_0_0"/>
      <Option Name="UseBlackboxStub" Val="1"/>
    </Config>
  </FileSet>
  <FileSet Name="constrs_in" Type="BlockSrcs" RelSrcDir="$PSRCDIR/jahwa_daq_system_ilmb_bram_ctrl_0_0">
    <File Path="$PSRCDIR/sources_1/bd/jahwa_daq_system/ip/jahwa_daq_system_ilmb_bram_ctrl_0_0_1/jahwa_daq_system_ilmb_bram_ctrl_0_0.xci">
      <FileInfo>
        <Attr Name="UsedIn" Val="synthesis"/>
        <Attr Name="UsedIn" Val="implementation"/>
        <Attr Name="UsedIn" Val="simulation"/>
      </FileInfo>
    </File>
    <Config>
      <Option Name="TopModule" Val="jahwa_daq_system_ilmb_bram_ctrl_0_0"/>
      <Option Name="UseBlackboxStub" Val="1"/>
    </Config>
  </FileSet>
  <FileSet Name="utils" Type="Utils" RelSrcDir="$PSRCDIR/utils_1">
    <Filter Type="Utils"/>
    <Config>
      <Option Name="TopAutoSet" Val="TRUE"/>
    </Config>
  </FileSet>
  <Strategy Version="1" Minor="2">
    <StratHandle Name="Vivado Synthesis Defaults" Flow="Vivado Synthesis 2020"/>
    <Step Id="synth_design"/>
  </Strategy>
</GenRun>
